Territory,Location type,01 Jan 1997,01 Jan 1998,01 Jan 1999,01 Jan 2000,01 Jan 2001,01 Jan 2002,01 Jan 2003,01 Jan 2004,01 Jan 2005,01 Jan 2006,01 Jan 2007,01 Jan 2008,01 Jan 2009,01 Jan 2010,01 Jan 2011,01 Jan 2012,01 Jan 2013,01 Jan 2014,01 Jan 2015,01 Jan 2016,01 Feb 2016,01 Mar 2016,01 Apr 2016,01 May 2016,01 Jun 2016,01 Jul 2016,01 Aug 2016,01 Sep 2016,01 Oct 2016,01 Nov 2016,01 Dec 2016,01 Jan 2017,01 Feb 2017,01 Mar 2017,01 Apr 2017,01 May 2017,01 Jun 2017,01 Jul 2017,01 Aug 2017,01 Sep 2017,01 Oct 2017,01 Nov 2017,01 Dec 2017,01 Jan 2018,01 Feb 2018,01 Mar 2018,01 Apr 2018,01 May 2018,01 Jun 2018,01 Jul 2018,01 Aug 2018,01 Sep 2018,01 Oct 2018,01 Nov 2018,01 Dec 2018,01 Jan 2019,01 Feb 2019,01 Mar 2019,01 Apr 2019,01 May 2019,01 Jun 2019,01 Jul 2019,01 Aug 2019,01 Sep 2019,01 Oct 2019,01 Nov 2019,01 Dec 2019,01 Jan 2020,01 Feb 2020,01 Mar 2020,01 Apr 2020,01 May 2020,01 Jun 2020,01 Jul 2020,01 Aug 2020,01 Sep 2020,01 Oct 2020,01 Nov 2020,01 Dec 2020,01 Jan 2021,01 Feb 2021,01 Mar 2021,01 Apr 2021,01 May 2021,01 Jun 2021,01 Jul 2021,01 Aug 2021,01 Sep 2021,01 Oct 2021,01 Nov 2021,01 Dec 2021,01 Jan 2022,01 Feb 2022,01 Mar 2022,01 Apr 2022,01 May 2022,01 Jun 2022,01 Jul 2022,01 Aug 2022,01 Sep 2022,01 Oct 2022,01 Nov 2022,01 Dec 2022,01 Jan 2023,01 Feb 2023,01 Mar 2023,01 Apr 2023,01 May 2023,01 Jun 2023,01 Jul 2023,01 Aug 2023,01 Sep 2023,01 Oct 2023,01 Nov 2023,01 Dec 2023,01 Jan 2024,01 Feb 2024,01 Mar 2024,01 Apr 2024,01 May 2024,01 Jun 2024,01 Jul 2024
Barcelona,Municipi,1493663,1507026,1503840,1497436,1507121,1555426,1581813,1588617,1599337,1610057,1594433,1615178,1631853,1619613,1614589,1619830,1612835,1602450,1604700,1610427,1613172,1604242,1607117,1611198,1614474,1608908,1606412,1610215,1611696,1618481,1623988,1625137,1625724,1608602,1614481,1618387,1615102,1617690,1612732,1614232,1620170,1624312,1631420,1628936,1631298,1630905,1635033,1639158,1642423,1641753,1644386,1647152,1645761,1653190,1660518,1650358,1656991,1664853,1667189,1667056,1671657,1674994,1664319,1666916,1654893,1665487,1666132,1666530,1673579,1659334,1661152,1658279,1656545,1655513,1651635,1651886,1653034,1656366,1658723,1660314,1660086,1661691,1658509,1648983,1649699,1653123,1635156,1639089,1645212,1646303,1645734,1639981,1646171,1627474,1638032,1645219,1643015,1646788,1643511,1648736,1656725,1663665,1672309,1660435,1670481,1666203,1676285,1683904,1692163,1697550,1701891,1700895,1707608,1706712,1715062,1702814,1707677,1700006,1706978,1713060,1708936,1711753
Ciutat Vella,Districte,82270,84306,84540,84524,89003,98536,106627,109886,113097,114358,111792,111791,110016,104664,103569,104357,103311,100700,100169,100373,100741,99157,99711,100291,100837,99779,99191,99853,100045,101072,101922,102165,102283,99397,100123,100783,100010,100350,99435,99639,100750,101353,102283,102047,102492,102426,103106,103837,104421,104307,104888,105356,105114,106139,107232,105733,106707,107860,108271,108454,109186,109736,107843,108443,106294,107801,107976,108248,109408,107092,107521,107417,107394,107515,107256,107587,107919,108561,109246,109672,109791,110091,109549,108125,108351,108933,106123,106782,107524,107502,107094,106028,106963,103144,104502,105567,104710,105149,104426,105163,106270,107115,108274,106446,107641,106689,107871,108864,110109,110981,111430,111268,112187,111734,112838,111155,111648,110381,111214,112031,111262,111536
el Raval,Barri,34099,35145,35356,35333,37584,41898,45627,46257,47329,47699,46061,47488,47963,47356,47725,48991,48771,47490,47150,47196,47358,46641,46925,47286,47590,47074,46659,46969,46957,47416,47827,47901,47912,46654,47039,47396,47029,47137,46670,46790,47152,47280,47698,47514,47655,47519,47724,48043,48227,48150,48399,48578,48311,48628,48979,48210,48576,49001,49103,49101,49299,49550,48646,48822,47730,48280,48215,48180,48566,47542,47723,47697,47709,47805,47670,47895,48002,48297,48577,48688,48775,48896,48576,47729,47770,47974,46712,46986,47244,47117,47022,46520,46815,45197,45609,45841,45387,45549,45123,45451,45799,46124,46527,45671,46084,45577,46011,46272,46711,46796,46893,46647,47024,46867,47485,46934,47334,46909,47354,47793,47559,47760
el Barri Gòtic,Barri,13565,14127,14480,14807,16301,19835,22680,25089,27129,27556,27663,25505,22793,18520,17678,16881,16276,15735,15514,15729,15824,15470,15595,15721,15772,15606,15544,15690,15774,15994,16146,16240,16278,15783,15895,15986,15977,16116,16066,16129,16440,16763,16974,17035,17208,17309,17518,17747,17994,18002,18188,18345,18497,18816,19270,19180,19523,19981,20249,20480,20788,20941,20687,20927,20682,21159,21372,21715,22182,21879,22016,22007,22024,22056,22161,22244,22339,22446,22694,22850,22820,22918,22820,22759,22958,23159,22735,22956,23170,23315,22932,22748,23118,22301,22940,23493,23275,23503,23539,23775,24149,24411,24822,24460,24869,24940,25432,25944,26435,27060,27249,27476,27723,27555,27761,27222,27239,26864,27025,27139,26823,26917
la Barceloneta,Barri,14764,14910,14937,14911,15110,15507,15983,15958,15796,15863,15646,16154,16231,16090,15749,15712,15493,15107,15037,15068,15109,14907,14962,15006,15065,14880,14792,14819,14826,14949,15066,15101,15125,14643,14726,14839,14689,14715,14562,14568,14739,14806,14950,14893,14911,14906,15004,15070,15143,15142,15175,15239,15163,15313,15422,15173,15254,15398,15383,15374,15468,15525,15198,15278,14938,15096,15142,15112,15292,14911,14985,14945,14900,14916,14842,14865,14923,15041,15071,15125,15070,15083,15030,14762,14744,14804,14365,14415,14504,14476,14488,14342,14443,13979,14125,14217,14180,14214,14102,14136,14294,14415,14536,14274,14415,14232,14348,14427,14534,14557,14609,14582,14708,14650,14753,14526,14589,14416,14486,14530,14426,14391
"Sant Pere, Santa Caterina i la Ribera",Barri,19842,20124,19767,19473,20008,21296,22337,22582,22843,23240,22422,22644,23029,22698,22417,22773,22771,22368,22468,22380,22450,22139,22229,22278,22410,22219,22196,22375,22488,22713,22883,22923,22968,22317,22463,22562,22315,22382,22137,22152,22419,22504,22661,22605,22718,22692,22860,22977,23057,23013,23126,23194,23143,23382,23561,23170,23354,23480,23536,23499,23631,23720,23312,23416,22944,23266,23247,23241,23368,22760,22797,22768,22761,22738,22583,22583,22655,22777,22904,23009,23126,23194,23123,22875,22879,22996,22311,22425,22606,22594,22652,22418,22587,21667,21828,22016,21868,21883,21662,21801,22028,22165,22389,22041,22273,21940,22080,22221,22429,22568,22679,22563,22732,22662,22839,22473,22486,22192,22349,22569,22454,22468
Eixample,Districte,246061,247870,247740,246884,248625,258075,261908,262099,263691,266182,262198,265634,268429,265714,264296,265593,264967,263564,263557,264568,265023,263360,263978,264633,265185,264233,263629,264169,264556,265936,267088,267270,267202,263649,264650,265265,264572,264863,263801,264034,265283,266256,267376,266839,267061,266789,267361,267938,268530,267930,268349,268855,268458,269980,271275,269173,270299,271629,272016,271513,272238,272793,270464,270928,268641,270827,270821,270772,271936,268640,268887,268344,268034,267809,266881,266984,267320,268309,268974,269349,269124,269599,269282,267668,268042,268905,265332,266196,267526,268073,268097,266857,267936,263984,265991,267193,266563,267203,266510,267333,268855,270192,271454,268824,270445,269028,270650,271809,273161,273999,274628,274375,275700,275648,277198,274636,275246,273380,274366,275440,274591,275178
el Fort Pienc,Barri,28139,28272,28366,28353,28710,29749,30407,30537,30929,31505,31121,32159,33079,32648,32387,32286,31755,31489,31548,31693,31764,31584,31692,31782,31864,31739,31677,31761,31766,31947,32100,32137,32163,31732,31847,31949,31880,31947,31820,31841,32012,32118,32213,32170,32285,32341,32427,32500,32589,32483,32559,32610,32609,32769,32952,32738,32916,33152,33211,33146,33311,33393,33169,33228,32992,33337,33419,33473,33636,33376,33374,33308,33250,33189,33131,33137,33194,31612,33422,33445,33464,33559,33548,33353,33394,33555,33217,33335,33480,33605,33610,33445,33566,33125,33502,33715,33588,33777,33812,33941,34225,34428,34624,34403,34744,34744,35070,35358,35680,35960,36169,36243,36410,36350,36439,36119,36144,35950,36068,36158,36060,36174
la Sagrada Família,Barri,48481,48914,49021,48923,49563,51539,52013,52029,52146,52541,51801,52571,52969,52164,51976,52092,51821,51283,51094,51354,51400,51042,51162,51328,51414,51220,51120,51249,51274,51523,51734,51658,51663,51073,51243,51347,51238,51246,51022,51048,51303,51551,51764,51661,51642,51619,51694,51775,51910,51836,51817,51902,51831,52074,52320,51917,52084,52309,52327,52325,52400,52507,52177,52300,51886,52224,52250,52252,52503,51945,52037,51918,51860,51869,51731,51787,51811,51988,52084,52164,52139,52082,52083,51773,51804,51954,51255,51427,51662,51575,51563,51402,51612,50936,51277,51526,51418,51539,51351,51516,51772,51989,52247,51712,52003,51681,51965,52170,52433,52566,52726,52657,52943,52968,53287,52825,52921,52591,52798,53033,52833,52920
la Dreta de l'Eixample,Barri,39117,39519,39514,39574,39823,41359,42271,42147,42439,42888,42277,42735,43410,43063,42856,43285,43399,43343,43558,43692,43766,43457,43506,43618,43685,43511,43454,43564,43734,43981,44193,44224,44159,43436,43639,43684,43525,43579,43404,43423,43594,43712,43935,43853,43893,43815,43965,44044,44135,43983,44103,44162,44057,44375,44555,44189,44317,44575,44649,44511,44650,44760,44339,44401,43969,44345,44339,44298,44519,43814,43866,43759,43727,43668,43482,43460,43568,45480,43967,44088,44033,44192,44221,44058,44157,44328,43733,43898,44170,44317,44389,44156,44411,43708,43981,44146,43952,43963,43793,43853,44075,44336,44529,44105,44392,44094,44299,44518,44764,44861,44862,44846,45134,45087,45350,44887,45013,44655,44825,45026,44904,44947
l'Antiga Esquerra de l'Eixample,Barri,39174,39585,39416,38964,39129,40760,41163,41185,41468,41752,41213,41581,41926,41697,41416,41722,41838,41728,41662,41895,41962,41671,41750,41872,41954,41833,41737,41824,41918,42192,42364,42444,42392,41737,41869,41971,41896,41969,41776,41867,42137,42321,42560,42534,42530,42411,42540,42682,42734,42614,42703,42851,42877,43207,43383,43039,43336,43489,43521,43382,43467,43524,43082,43202,42824,43245,43191,43143,43355,42680,42735,42679,42657,42682,42491,42571,42664,42865,42952,43046,43009,43045,42813,42579,42680,42794,42174,42340,42604,42733,42726,42365,42571,41833,42171,42313,42190,42253,42123,42306,42684,42927,43228,42751,43025,42776,43104,43266,43407,43547,43650,43565,43834,43925,44300,43808,43844,43449,43620,43798,43573,43648
la Nova Esquerra de l'Eixample,Barri,55142,55283,55206,55100,55424,57422,58191,58244,58627,59221,57998,58345,58532,58013,57676,57876,57890,57625,57664,57699,57845,57620,57768,57879,57967,57819,57597,57682,57745,57992,58275,58337,58333,57607,57808,57981,57859,57929,57761,57835,58071,58222,58466,58265,58298,58261,58375,58523,58628,58519,58597,58738,58595,58845,59084,58668,58862,59099,59204,59079,59210,59311,58754,58801,58316,58707,58660,58648,58820,58183,58247,58120,58010,57895,57694,57645,57632,57768,57890,57906,57761,57894,57886,57486,57586,57716,56933,57062,57306,57513,57474,57314,57492,56659,57024,57296,57255,57385,57297,57484,57727,57991,58118,57584,57833,57468,57738,57895,58140,58280,58369,58322,58556,58502,58796,58299,58493,58174,58363,58625,58561,58675
Sant Antoni,Barri,36008,36297,36217,35970,35976,37246,37863,37957,38082,38275,37788,38243,38513,38129,37985,38332,38264,38096,38031,38235,38286,37986,38100,38154,38301,38111,38044,38089,38119,38301,38422,38470,38492,38064,38244,38333,38174,38193,38018,38020,38166,38332,38438,38356,38413,38342,38360,38414,38534,38495,38570,38592,38489,38710,38981,38622,38784,39005,39104,39070,39200,39298,38943,38996,38654,38969,38962,38958,39103,38642,38628,38560,38530,38506,38352,38384,38451,38596,38659,38700,38718,38827,38731,38419,38421,38558,38020,38134,38304,38330,38335,38175,38284,37723,38036,38197,38160,38286,38134,38233,38372,38521,38708,38269,38448,38265,38474,38602,38737,38785,38852,38742,38823,38816,39026,38698,38831,38561,38692,38800,38660,38814
Sants-Montjuïc,Districte,165616,167302,167019,166107,167407,172433,175896,177039,178248,180670,178400,181273,183517,182977,182733,183970,182741,180833,180813,181187,181524,180354,180603,181199,181573,180748,180416,180738,180912,181712,182289,182381,182451,180486,181137,181574,181131,181542,180748,180737,181249,181780,182621,182210,182671,182675,183232,183761,184131,184241,184543,184887,184750,185739,186785,185481,186467,187346,187544,187534,188108,188641,187209,187460,186022,187229,187431,187615,188504,186874,187138,186844,186776,186704,186298,186296,186385,186692,186885,187026,187003,187234,186777,185346,185314,185601,183337,183801,184371,184410,184190,183770,184481,182317,183528,184266,183987,184407,183978,184648,185560,186442,187427,185963,187256,186888,188213,189155,190048,190838,191347,191053,191773,191669,192823,191391,192157,191463,192433,193204,192728,193198
el Poble-sec,Barri,33779,34220,34275,33997,34517,36577,38204,38793,39394,40319,39453,40334,40678,40386,40539,41255,41002,40287,40222,40129,40253,39886,39912,40142,40273,39966,39754,39880,39912,40167,40348,40385,40377,39765,39928,40055,39812,39960,39690,39657,39765,39782,39984,39801,39900,39887,40090,40247,40316,40259,40355,40467,40408,40623,40889,40440,40699,40921,40923,40797,40878,40994,40484,40582,39952,40232,40123,40188,40375,39835,39923,39857,39900,39937,39882,39884,39911,40025,40164,40204,40243,40253,40142,39692,39675,39734,38996,39141,39312,39318,39336,39143,39243,38516,38729,38840,38611,38613,38311,38464,38668,38907,39191,38778,39004,38682,38903,38993,39151,39235,39299,39172,39372,39295,39570,39177,39378,39096,39279,39477,39369,39479
la Marina del Prat Vermell,Barri,1809,1763,1852,1805,1764,1672,1544,1456,1307,1248,1205,1190,1155,1135,1119,1150,1172,1143,1122,1146,1143,1155,1158,1160,1158,1162,1149,1140,1140,1156,1155,1151,1131,1131,1134,1137,1144,1154,1149,1152,1145,1159,1158,1161,1168,1171,1175,1182,1185,1190,1193,1192,1191,1186,1192,1199,1212,1218,1218,1227,1238,1246,1246,1244,1226,1225,1230,1227,1233,1241,1244,1250,1255,1262,1304,1306,1317,1331,1345,1356,1367,1383,1403,1428,1444,1459,1457,1457,1467,1484,1508,1517,1517,1506,1529,1552,1568,1586,1586,1599,1614,1631,1656,1678,1718,1728,1773,1774,1796,1836,1849,1876,1891,1912,1905,1977,2159,2266,2349,2390,2427,2539
la Marina de Port,Barri,27085,27415,27330,27385,27627,28103,28536,28813,29224,29585,29430,29714,30137,30108,30238,30445,30276,30051,30237,30397,30458,30348,30360,30466,30545,30434,30365,30370,30465,30584,30638,30622,30677,30495,30604,30643,30626,30722,30580,30571,30649,30694,30757,30751,30769,30800,30828,30892,30955,30966,30993,31049,31078,31224,31274,31087,31195,31295,31295,31330,31374,31430,31288,31286,31174,31307,31328,31352,31485,31340,31396,31348,31326,31314,31195,31193,31175,31165,31118,31092,31064,31078,30972,30830,30765,30793,30518,30570,30576,30575,30503,30428,30508,30263,30384,30441,30403,30391,30327,30416,30539,30551,30640,30437,30547,30553,30643,30793,30956,30968,30983,30879,30967,30950,31114,30960,31040,30954,31116,31219,31152,31208
la Font de la Guatlla,Barri,9039,9278,9380,9352,9404,9731,9873,9929,10114,10157,10131,10075,10219,10281,10215,10275,10312,10310,10371,10316,10323,10262,10264,10293,10336,10297,10287,10334,10345,10390,10424,10422,10450,10269,10288,10319,10281,10303,10238,10230,10269,10281,10343,10307,10318,10280,10288,10325,10345,10328,10310,10342,10295,10354,10417,10373,10418,10427,10433,10440,10483,10523,10400,10413,10343,10400,10411,10377,10413,10350,10327,10294,10300,10284,10248,10231,10260,10241,10217,10239,10265,10313,10331,10264,10340,10385,10259,10312,10395,10386,10395,10359,10408,10291,10359,10410,10446,10437,10439,10500,10544,10591,10611,10499,10575,10559,10620,10665,10687,10744,10720,10693,10733,10747,10835,10699,10733,10690,10754,10798,10785,10805
Hostafrancs,Barri,14654,14805,14662,14537,14465,14749,15212,15448,15474,15843,15612,15940,16013,15961,15858,16042,15982,15671,15758,15915,15907,15789,15784,15802,15850,15717,15671,15739,15764,15851,15942,15949,15939,15716,15789,15837,15821,15824,15714,15703,15756,15867,15951,15969,16021,15976,15993,16058,16117,16166,16167,16186,16123,16195,16284,16155,16230,16283,16298,16289,16307,16349,16208,16234,16084,16188,16197,16203,16276,16068,16085,16072,16062,16040,15974,15984,16004,16012,16097,16102,16107,16139,16098,15966,15951,15961,15814,15854,15930,15944,15927,15859,15888,15622,15752,15812,15796,15869,15802,15872,15988,16101,16171,15969,16089,16027,16099,16165,16223,16241,16244,16163,16212,16227,16363,16192,16282,16238,16308,16371,16305,16333
la Bordeta,Barri,17290,17570,17594,17677,17997,18429,18548,18757,18666,18709,18649,18721,18839,18645,18492,18604,18581,18397,18384,18518,18551,18415,18467,18496,18501,18419,18455,18449,18460,18504,18558,18561,18536,18443,18550,18559,18522,18586,18603,18592,18668,18771,18892,18833,18904,18924,18971,19015,19022,19050,19104,19147,19228,19362,19533,19443,19495,19577,19619,19639,19700,19715,19594,19580,19480,19555,19618,19567,19650,19597,19580,19541,19548,19520,19478,19475,19485,19548,19484,19451,19447,19479,19427,19351,19340,19393,19238,19250,19275,19299,19258,19227,19336,19250,19385,19424,19442,19454,19420,19507,19595,19699,19793,19728,19905,19925,20004,20092,20175,20215,20269,20261,20336,20341,20494,20392,20455,20411,20501,20606,20610,20710
Sants - Badal,Barri,23654,23800,23738,23444,23474,24103,24351,24313,24264,24545,24121,24270,24269,24350,24340,24590,24355,24125,24016,23935,23948,23828,23864,23914,23941,23877,23864,23896,23895,23980,24021,24047,24060,23849,23923,23977,23972,23996,23879,23868,23913,24003,24095,24018,24100,24116,24192,24279,24312,24349,24391,24421,24377,24496,24628,24474,24557,24693,24734,24758,24852,24912,24767,24791,24648,24871,24889,24938,25006,24819,24850,24811,24772,24769,24745,24739,24705,24794,24853,24903,24850,24847,24729,24481,24496,24490,24196,24238,24287,24280,24225,24208,24336,24026,24150,24204,24121,24251,24231,24284,24317,24398,24548,24366,24513,24434,24638,24724,24837,24904,24938,24863,24945,24960,25079,24931,25004,24919,25020,25129,25067,25071
Sants,Barri,38306,38451,38188,37910,38159,39069,39628,39530,39805,40264,39799,41029,42207,42111,41932,41609,41061,40849,40703,40831,40941,40671,40794,40926,40969,40876,40871,40930,40931,41080,41203,41244,41281,40818,40921,41047,40953,40997,40895,40964,41084,41223,41441,41370,41491,41521,41695,41763,41879,41933,42030,42083,42050,42299,42568,42310,42661,42932,43024,43054,43276,43472,43222,43330,43115,43451,43635,43763,44066,43624,43733,43671,43613,43578,43472,43484,43528,43576,43607,43679,43660,43742,43675,43334,43303,43386,42859,42979,43129,43124,43038,43029,43245,42843,43240,43583,43600,43806,43862,44006,44295,44564,44817,44508,44905,44980,45533,45949,46223,46695,47045,47146,47317,47237,47463,47063,47106,46889,47106,47214,47013,47053
Les Corts,Districte,81242,82363,82286,82443,82269,83024,83445,82995,82748,82672,81379,82245,83183,82750,82337,82357,81711,81196,81529,81708,81855,81527,81596,81705,81832,81593,81486,81686,81737,82056,82252,82201,82173,81326,81564,81669,81535,81599,81555,81582,81801,82067,82328,82182,82239,82211,82345,82470,82541,82387,82441,82534,82402,82804,83055,82591,82810,83150,83260,83203,83314,83413,82949,82958,82440,82901,82722,82635,82792,82162,82216,82054,81930,81778,81467,81367,81333,81366,81500,81576,81502,81522,81479,81206,81259,81410,80837,80945,81191,81443,81398,81074,81280,80642,81047,81353,81307,81386,81258,81508,81902,82303,82667,82154,82514,82313,82664,82892,83178,83440,83579,83576,83950,83875,84059,83551,83732,83455,83708,83868,83794,83796
les Corts,Barri,45882,46595,46611,46568,46468,46739,46804,46483,46414,46698,45965,46928,47618,47319,47098,46819,46221,45989,46003,45976,46051,45832,45857,45913,45953,45778,45705,45845,45876,46037,46149,46104,46076,45651,45753,45807,45720,45801,45779,45829,45925,46090,46251,46152,46137,46132,46248,46351,46376,46336,46360,46447,46428,46615,46810,46599,46726,46880,46948,46965,47037,47068,46812,46836,46568,46800,46762,46731,46805,46429,46445,46348,46273,46194,46007,45947,45928,45900,45902,45943,45929,45959,45922,45744,45762,45861,45586,45633,45759,45881,45835,45660,45734,45390,45567,45718,45758,45770,45697,45814,45982,46084,46195,45965,46204,46053,46285,46428,46608,46757,46869,46865,47009,46935,47021,46740,46793,46644,46763,46807,46814,46811
la Maternitat i Sant Ramon,Barri,24455,24582,24511,24586,24523,24681,24938,24796,24568,24278,23912,23785,23934,23762,23607,23786,23674,23554,23810,23868,23898,23835,23867,23916,23963,23905,23863,23885,23867,23953,23994,23980,23989,23763,23849,23871,23854,23840,23837,23835,23908,23990,24044,23984,24037,24006,24019,24019,24062,24001,23999,24017,23939,24105,24120,23992,24074,24179,24195,24158,24171,24207,24086,24059,23899,24063,24022,23968,24040,23909,23940,23904,23881,23829,23740,23720,23730,23735,23818,23825,23763,23772,23764,23694,23708,23748,23572,23619,23683,23752,23757,23684,23796,23634,23774,23855,23827,23868,23805,23868,23991,24114,24227,24059,24118,24075,24163,24221,24295,24339,24324,24314,24425,24390,24466,24313,24405,24354,24448,24533,24471,24456
Pedralbes,Barri,10905,11186,11164,11289,11278,11604,11703,11716,11766,11696,11502,11532,11631,11669,11632,11752,11816,11653,11716,11864,11906,11860,11872,11876,11916,11910,11918,11956,11994,12066,12109,12117,12108,11912,11962,11991,11961,11958,11939,11918,11968,11987,12033,12046,12065,12073,12078,12100,12103,12050,12082,12070,12035,12084,12125,12000,12010,12091,12117,12080,12106,12138,12051,12063,11973,12038,11938,11936,11947,11824,11831,11802,11776,11755,11720,11700,11675,11731,11780,11808,11810,11791,11793,11768,11789,11801,11679,11693,11749,11810,11806,11730,11750,11618,11706,11780,11722,11748,11756,11826,11929,12105,12245,12130,12192,12185,12216,12243,12275,12344,12386,12397,12516,12550,12572,12498,12534,12457,12497,12528,12509,12529
Sarrià-Sant Gervasi,Districte,128522,130770,131564,132241,133075,137758,139405,139749,140977,141574,140882,142461,144431,144485,144355,145269,145515,145773,146848,148172,148404,147860,148058,148369,148616,148251,148133,148402,148736,149248,149598,149734,149706,148253,148777,149033,148740,148818,148483,148706,149306,149632,150061,149837,149933,149736,149926,150205,150363,150071,150075,150280,150243,150832,151281,150446,150850,151287,151414,151330,151542,151580,150851,151109,150395,151326,151134,151157,151496,150356,150512,150305,150101,149817,149246,149128,149141,149276,149281,149201,149158,149218,149056,148426,148377,148591,147382,147714,148441,148533,148689,148201,148801,147555,148348,148874,148768,148811,148564,148934,149531,150146,150811,149804,150541,150103,150880,151336,151752,151859,152043,151932,152485,152590,153065,151890,152365,151943,152452,152780,152390,152466
"Vallvidrera, el Tibidabo i les Planes",Barri,3033,3171,3117,3199,3244,3426,3563,3671,3739,3878,3940,4082,4287,4265,4288,4407,4443,4516,4604,4641,4655,4632,4641,4644,4659,4647,4645,4647,4659,4685,4682,4689,4688,4651,4682,4690,4669,4670,4652,4666,4680,4690,4721,4710,4707,4714,4734,4739,4751,4747,4748,4732,4708,4723,4741,4727,4735,4749,4764,4764,4761,4732,4709,4704,4674,4691,4696,4710,4712,4706,4726,4726,4746,4742,4743,4753,4755,4765,4755,4760,4763,4763,4779,4789,4792,4819,4794,4793,4804,4800,4808,4805,4812,4791,4805,4841,4790,4797,4795,4826,4856,4856,4877,4831,4857,4854,4895,4891,4876,4863,4872,4876,4876,4900,4917,4901,4890,4875,4895,4910,4907,4912
Sarrià,Barri,20559,21114,21416,21556,21630,22406,22851,23062,23379,23330,23117,23371,23615,23763,23920,24280,24510,24531,24640,24810,24856,24742,24773,24846,24901,24790,24779,24874,24930,25039,25093,25106,25116,24893,25024,25101,25043,25049,24969,25037,25116,25131,25159,25116,25074,25031,25069,25167,25194,25112,25050,25083,25068,25187,25258,25137,25198,25275,25314,25300,25346,25361,25171,25208,25097,25266,25226,25242,25285,25106,25130,25073,25024,24930,24803,24800,24784,24752,24798,24769,24786,24761,24736,24634,24660,24713,24455,24555,24745,24737,24746,24632,24715,24528,24637,24724,24737,24728,24710,24764,24869,25018,25078,24858,24947,24882,25000,25009,25114,25161,25267,25205,25276,25283,25336,25113,25205,25197,25244,25303,25225,25192
les Tres Torres,Barri,13206,13505,13712,13785,14109,14892,15177,15201,15343,15301,15272,15351,15546,15731,15748,15922,16036,16165,16501,16486,16546,16470,16495,16505,16522,16508,16550,16573,16624,16620,16674,16699,16698,16586,16654,16688,16658,16631,16624,16639,16689,16719,16753,16713,16679,16671,16698,16710,16722,16706,16709,16738,16761,16788,16824,16695,16752,16776,16767,16765,16761,16776,16709,16730,16601,16704,16666,16644,16680,16573,16591,16561,16543,16489,16408,16368,16375,16357,16364,16356,16367,16402,16355,16276,16257,16242,16069,16096,16152,16144,16160,16108,16170,16143,16221,16226,16200,16163,16173,16227,16302,16382,16450,16276,16379,16329,16353,16393,16415,16393,16380,16360,16396,16431,16449,16393,16421,16377,16402,16371,16294,16307
Sant Gervasi - la Bonanova,Barri,21737,22142,22274,22496,22629,23261,23475,23540,23730,23694,23607,24399,25282,25704,25639,25426,25130,25273,25368,25761,25814,25737,25768,25791,25817,25728,25670,25676,25700,25814,25882,25909,25932,25698,25729,25748,25675,25659,25635,25673,25769,25859,25928,25889,25910,25927,25980,25983,26015,25905,25912,25929,25962,26125,26231,26108,26178,26226,26242,26225,26232,26240,26165,26203,26089,26244,26268,26245,26297,26057,26117,26068,26045,25980,25897,25864,25908,25989,25963,25984,25971,25974,25980,25856,25856,25880,25648,25716,25866,25847,25819,25692,25836,25590,25795,25868,25893,25903,25875,25931,25995,26118,26252,26135,26253,26221,26437,26553,26662,26694,26755,26774,26858,26893,26972,26750,26802,26649,26747,26783,26691,26721
Sant Gervasi - Galvany,Barri,43593,43918,44085,44205,44420,45790,46013,45819,46144,46492,46284,46501,46830,46291,46128,46365,46548,46461,46711,47156,47185,47057,47134,47286,47380,47317,47264,47370,47517,47694,47793,47816,47774,47244,47382,47452,47378,47483,47323,47390,47601,47671,47847,47819,47914,47771,47745,47825,47866,47783,47821,47933,47893,48082,48253,47993,48085,48282,48298,48202,48278,48258,47971,48058,47874,48125,47987,47976,48148,47725,47718,47661,47569,47541,47343,47279,47349,47388,47356,47346,47301,47367,47324,47119,47061,47093,46773,46853,47060,47172,47282,47181,47350,46908,47152,47305,47273,47280,47154,47295,47504,47682,47933,47674,47962,47763,47996,48185,48283,48369,48365,48376,48630,48642,48814,48398,48550,48401,48619,48815,48742,48817
el Putxet i el Farró,Barri,26394,26920,26960,27000,27043,27983,28326,28456,28642,28879,28662,28757,28871,28731,28632,28869,28848,28827,29024,29318,29348,29222,29247,29297,29337,29261,29225,29262,29306,29396,29474,29515,29498,29181,29306,29354,29317,29326,29280,29301,29451,29562,29653,29590,29649,29622,29700,29781,29815,29818,29835,29865,29851,29927,29974,29786,29902,29979,30029,30074,30164,30213,30126,30206,30060,30296,30291,30340,30374,30189,30230,30216,30174,30135,30052,30064,29970,30025,30045,29986,29970,29951,29882,29752,29751,29844,29643,29701,29814,29833,29874,29783,29918,29595,29738,29910,29875,29940,29857,29891,30005,30090,30221,30030,30143,30054,30199,30305,30402,30379,30404,30341,30449,30441,30577,30335,30497,30444,30545,30598,30531,30517
Gràcia,Districte,114411,115254,115005,114090,114151,117910,119190,119839,120356,121398,120021,121946,123804,122978,121483,121831,120997,120283,120445,121088,121329,120554,120715,120944,121150,120929,120650,120872,120863,121296,121718,121772,121849,120389,120753,121024,120653,120726,120337,120461,120970,121289,121923,121789,121848,121728,122132,122333,122521,122466,122679,122765,122621,123228,123784,123060,123516,124074,124196,124100,124482,124810,123932,124004,123085,123858,123920,123852,124384,123227,123320,123089,122957,122892,122539,122419,122424,122841,123097,123276,123174,123291,123186,122487,122332,122629,121206,121440,122082,122159,122289,121915,122329,120818,121556,122057,121646,122061,121772,122033,122648,123213,123836,122928,123603,123164,123839,124322,124980,125364,125701,125653,126090,126182,126756,125787,126104,125415,125945,126390,126282,126495
Vallcarca i els Penitents,Barri,14288,14366,14241,14155,14385,15068,15173,15381,15493,15669,15422,15469,15697,15481,15446,15518,15495,15442,15520,15629,15679,15628,15683,15720,15736,15760,15744,15755,15740,15785,15842,15821,15864,15724,15787,15833,15783,15791,15771,15756,15852,15930,16025,15985,15961,15993,16014,16058,16103,16091,16103,16113,16076,16143,16223,16109,16184,16229,16247,16241,16311,16377,16299,16304,16258,16321,16370,16348,16433,16325,16318,16268,16257,16224,16210,16173,16206,16280,16337,16325,16320,16368,16362,16234,16196,16189,16060,16064,16119,16052,16128,16082,16121,15960,16110,16154,16135,16169,16144,16181,16244,16315,16421,16330,16436,16412,16454,16469,16560,16629,16688,16662,16698,16722,16806,16678,16735,16648,16715,16746,16754,16740
el Coll,Barri,6658,6673,6691,6670,6681,6854,7019,7142,7138,7203,7102,7304,7294,7227,7288,7291,7227,7201,7351,7391,7381,7364,7378,7386,7399,7369,7367,7374,7383,7413,7420,7428,7456,7399,7420,7428,7398,7400,7395,7402,7424,7419,7470,7460,7445,7425,7450,7457,7468,7491,7517,7538,7538,7523,7554,7518,7579,7630,7619,7637,7658,7655,7606,7625,7592,7632,7600,7617,7662,7603,7607,7599,7609,7616,7604,7615,7636,7643,7670,7688,7661,7659,7637,7603,7601,7595,7497,7479,7544,7574,7606,7611,7659,7568,7640,7680,7650,7702,7673,7687,7710,7754,7784,7740,7778,7757,7778,7819,7869,7882,7904,7894,7925,7924,8012,7943,7960,7939,7966,7997,7980,8030
la Salut,Barri,12858,12956,13092,13023,12978,13134,13185,13182,13199,13159,13001,13182,13246,13326,13147,13186,13199,13159,13220,13123,13158,13094,13108,13121,13147,13122,13094,13109,13079,13129,13189,13207,13222,13118,13144,13137,13143,13169,13145,13168,13203,13233,13239,13260,13265,13288,13278,13304,13344,13346,13364,13387,13377,13420,13455,13431,13522,13560,13575,13575,13587,13580,13517,13509,13445,13482,13502,13478,13568,13451,13450,13424,13402,13391,13393,13373,13353,13423,13436,13455,13462,13460,13457,13403,13390,13424,13296,13319,13382,13399,13369,13337,13350,13255,13337,13400,13376,13395,13355,13375,13430,13502,13563,13491,13536,13458,13507,13545,13599,13605,13630,13624,13674,13671,13741,13679,13750,13723,13787,13787,13805,13814
la Vila de Gràcia,Barri,46951,47234,46991,46531,46410,48352,48990,49256,49783,50227,49958,51295,52633,52314,51190,51104,50636,50440,50441,50670,50793,50352,50403,50497,50575,50427,50278,50365,50409,50572,50789,50885,50818,49931,50063,50204,50029,50033,49796,49855,50084,50197,50500,50421,50473,50427,50627,50727,50799,50730,50635,50640,50562,50915,51210,50803,50881,51170,51204,51131,51329,51529,51051,51110,50582,50985,50912,50926,51107,50457,50481,50425,50368,50327,50090,50031,49985,50226,50326,50456,50434,50492,50461,50211,50126,50271,49536,49690,49950,49990,50061,49852,50058,49188,49432,49614,49403,49617,49535,49680,49988,50197,50545,50048,50329,50046,50371,50568,50843,50990,51075,51058,51296,51358,51568,51075,51233,50910,51149,51404,51329,51439
el Camp d'en Grassot i Gràcia Nova,Barri,33656,34025,33990,33711,33697,34502,34823,34878,34743,35140,34538,34696,34934,34630,34412,34732,34440,34041,33913,34275,34318,34116,34143,34220,34293,34251,34167,34269,34252,34397,34478,34431,34489,34217,34339,34422,34300,34333,34230,34280,34407,34510,34689,34663,34704,34595,34763,34787,34807,34808,35060,35087,35068,35227,35342,35199,35350,35485,35551,35516,35597,35669,35459,35456,35208,35438,35536,35483,35614,35391,35464,35373,35321,35334,35242,35227,35244,35269,35328,35352,35297,35312,35269,35036,35019,35150,34817,34888,35087,35144,35125,35033,35141,34847,35037,35209,35082,35178,35065,35110,35276,35445,35523,35319,35524,35491,35729,35921,36109,36258,36404,36415,36497,36507,36629,36412,36426,36195,36328,36456,36414,36472
Horta-Guinardó,Districte,168276,168814,167628,166086,166075,169373,170146,169601,169502,169360,167741,169680,171359,170757,169764,168984,167800,166924,166530,167390,167549,166934,167249,167512,167796,167457,167377,167765,167758,168314,168803,168981,169105,167982,168470,168813,168673,168979,168593,168810,169173,169502,170275,170053,170312,170334,170656,171134,171458,171521,171710,171868,171824,172420,173032,172266,172838,173673,173978,173930,174229,174550,173984,174195,173307,174243,174607,174598,175266,174530,174600,174208,173863,173718,173547,173585,173673,173889,173839,173944,173918,174021,173718,172990,173050,173231,171846,172074,172475,172486,172559,172109,172719,171779,172778,173386,173388,173880,173796,174263,174930,175444,176291,175550,176398,176272,177176,177969,178842,179296,179717,179676,180247,180151,180918,180138,180566,179938,180655,181347,181059,181384
el Baix Guinardó,Barri,25027,25105,24978,24761,24847,25455,25512,25480,25482,25857,25741,25997,26110,26019,26002,25906,25647,25536,25474,25563,25561,25476,25503,25560,25566,25462,25460,25534,25506,25590,25684,25734,25733,25595,25654,25730,25663,25673,25634,25681,25675,25711,25829,25793,25831,25853,25883,25966,26035,26019,25978,25977,25994,26053,26143,25990,26029,26156,26202,26142,26181,26251,26150,26170,26017,26163,26161,26180,26277,26120,26096,25995,25948,25913,25871,25880,25861,25928,25854,25842,25796,25792,25746,25634,25704,25740,25567,25574,25654,25710,25732,25591,25673,25528,25594,25634,25607,25684,25593,25613,25689,25684,25846,25719,25846,25813,25922,26048,26187,26211,26187,26157,26269,26269,26407,26280,26295,26135,26191,26324,26262,26324
Can Baró,Barri,8868,9069,8953,8858,8848,9046,9072,8963,8980,8945,8931,9076,9161,9124,8925,9002,8973,8860,8824,8969,8964,8917,8968,8979,8993,8965,8940,8978,8974,8964,9006,9020,9040,8975,8994,9029,9010,9036,8987,8996,9049,9085,9111,9071,9091,9051,9062,9101,9125,9148,9180,9208,9203,9243,9289,9247,9266,9325,9348,9330,9354,9383,9332,9341,9272,9315,9347,9331,9347,9286,9286,9268,9243,9226,9230,9243,9265,9296,9289,9320,9348,9359,9326,9298,9345,9381,9301,9305,9303,9292,9305,9271,9293,9236,9311,9347,9332,9337,9316,9320,9353,9374,9435,9421,9443,9412,9463,9484,9529,9535,9567,9524,9528,9512,9552,9525,9525,9496,9531,9559,9583,9594
el Guinardó,Barri,34553,34585,34442,34049,34282,35029,35306,35206,35344,35370,35044,35169,35620,35669,35692,35656,35712,35539,35784,36176,36267,36137,36250,36262,36355,36269,36213,36271,36283,36402,36486,36538,36599,36337,36463,36552,36535,36607,36565,36593,36656,36766,36959,36890,36951,36945,37040,37148,37122,37092,37172,37244,37205,37302,37417,37216,37424,37576,37678,37710,37698,37769,37611,37646,37382,37535,37585,37584,37697,37568,37611,37542,37470,37422,37375,37337,37355,37387,37324,37325,37341,37351,37344,37217,37149,37187,36891,36945,37042,37018,37069,36994,37145,36894,37084,37163,37147,37217,37179,37353,37447,37551,37744,37575,37777,37686,37841,37968,38066,38091,38151,38088,38230,38144,38337,38153,38233,38130,38366,38537,38523,38596
la Font d'en Fargues,Barri,9810,9860,9844,9785,9748,9777,9763,9715,9710,9570,9599,9664,9667,9581,9521,9560,9499,9437,9399,9402,9390,9347,9347,9377,9376,9378,9375,9388,9378,9376,9376,9390,9409,9366,9399,9411,9396,9408,9368,9384,9420,9439,9458,9446,9454,9450,9467,9460,9492,9515,9512,9496,9476,9498,9515,9506,9486,9493,9507,9474,9478,9458,9438,9480,9469,9528,9542,9544,9574,9528,9519,9497,9482,9476,9472,9461,9444,9466,9490,9505,9503,9520,9507,9439,9430,9440,9397,9388,9405,9456,9550,9527,9561,9568,9617,9637,9658,9668,9676,9678,9698,9684,9710,9709,9719,9713,9726,9734,9783,9815,9821,9834,9852,9868,9871,9837,9842,9814,9833,9843,9846,9850
el Carmel,Barri,33821,33860,33371,32803,32541,33097,33101,32908,32679,32610,32278,32264,32615,32337,32084,31986,31797,31655,31449,31377,31392,31338,31379,31404,31464,31411,31380,31459,31391,31468,31591,31583,31614,31379,31467,31529,31533,31584,31487,31565,31646,31643,31841,31832,31891,31894,31895,31968,32026,32065,32120,32171,32148,32242,32350,32175,32266,32415,32418,32476,32527,32582,32477,32518,32321,32488,32518,32512,32681,32629,32678,32624,32567,32555,32556,32573,32642,32644,32709,32724,32710,32699,32600,32362,32365,32379,32137,32186,32268,32159,32170,32119,32227,31988,32169,32291,32284,32376,32301,32365,32462,32549,32697,32512,32645,32563,32711,32824,32975,33016,33120,33050,33124,33132,33283,33037,33157,33152,33219,33334,33260,33330
la Teixonera,Barri,11336,11379,11377,11367,11480,11833,11955,12028,12084,11926,11748,11938,11905,11827,11788,11770,11659,11435,11360,11281,11304,11256,11277,11287,11340,11322,11339,11371,11463,11543,11602,11634,11643,11547,11592,11608,11614,11644,11621,11604,11616,11620,11665,11650,11652,11651,11680,11709,11741,11738,11730,11723,11738,11789,11831,11789,11829,11925,11910,11909,11952,11997,11945,11947,11865,11904,11949,11927,11971,11944,11976,11968,11969,11962,11939,11961,11994,12004,12003,12044,12078,12066,12070,12024,12011,12014,11927,11991,12031,12017,11964,11918,11968,11878,11921,11948,11944,11972,11991,12015,12073,12123,12154,12087,12127,12095,12140,12192,12259,12322,12364,12359,12395,12373,12456,12433,12489,12467,12530,12604,12572,12596
Sant Genís dels Agudells,Barri,7206,7187,7121,7068,6994,7187,7215,7136,7132,7136,7030,7092,7174,7121,6984,6948,6903,6854,6721,6695,6696,6689,6697,6718,6729,6735,6751,6774,6765,6776,6812,6828,6836,6842,6883,6905,6889,6922,6889,6898,6922,6956,6999,7011,7029,7013,7026,7075,7107,7149,7169,7160,7168,7222,7266,7246,7293,7320,7358,7379,7407,7425,7373,7377,7341,7383,7387,7390,7431,7362,7373,7353,7338,7328,7345,7372,7374,7386,7396,7385,7360,7386,7362,7304,7316,7339,7253,7273,7308,7308,7291,7262,7299,7236,7291,7319,7292,7347,7354,7358,7400,7393,7433,7385,7443,7434,7500,7539,7566,7580,7619,7634,7673,7725,7794,7766,7783,7681,7717,7762,7730,7734
Montbau,Barri,5281,5274,5173,5100,5095,5255,5343,5309,5284,5270,5111,5182,5224,5250,5213,5136,5110,5045,5041,5053,5053,5049,5067,5071,5067,5059,5057,5066,5075,5099,5101,5108,5097,5040,5072,5071,5052,5058,5062,5063,5090,5096,5120,5099,5090,5088,5101,5101,5122,5120,5133,5141,5130,5159,5154,5126,5148,5191,5216,5203,5206,5192,5176,5166,5148,5172,5197,5172,5170,5141,5121,5095,5069,5071,5080,5089,5076,5085,5101,5114,5060,5051,5057,5029,5037,5053,4988,4984,5000,5027,5020,5014,5043,5049,5067,5091,5084,5105,5097,5140,5147,5194,5222,5174,5206,5193,5221,5234,5250,5252,5260,5246,5285,5278,5291,5286,5278,5232,5295,5296,5278,5278
la Vall d'Hebron,Barri,5446,5505,5520,5543,5508,5611,5685,5710,5690,5664,5439,5559,5546,5605,5564,5567,5490,5490,5467,5687,5700,5694,5683,5713,5726,5736,5757,5761,5760,5772,5792,5792,5785,5761,5772,5770,5781,5789,5751,5755,5737,5736,5749,5737,5746,5767,5786,5793,5798,5785,5807,5795,5784,5812,5831,5803,5827,5855,5866,5862,5876,5872,5859,5863,5873,5895,5904,5886,5914,5903,5890,5875,5861,5860,5879,5872,5896,5916,5915,5932,5918,5924,5913,5892,5874,5885,5851,5846,5858,5873,5876,5869,5886,5851,5862,5870,5857,5840,5861,5850,5864,5875,5895,5874,5896,5888,5880,5897,5912,5920,5935,5912,5922,5901,5896,5889,5912,5894,5891,5909,5919,5944
la Clota,Barri,447,461,467,459,454,453,463,462,476,486,457,455,464,453,464,452,439,521,542,590,596,587,599,595,607,602,604,599,605,610,611,611,611,613,615,616,619,624,631,638,642,648,652,657,658,660,663,666,667,665,671,668,669,684,696,686,690,690,685,693,693,697,696,698,701,706,705,709,711,705,708,708,706,704,705,695,694,694,698,698,697,697,691,684,680,683,678,671,677,676,676,669,664,660,665,666,676,685,687,697,690,697,702,699,698,694,690,691,694,697,708,740,763,771,838,841,862,886,932,982,982,1005
Horta,Barri,26481,26529,26382,26293,26278,26630,26731,26684,26641,26526,26363,27284,27873,27771,27527,27001,26571,26552,26469,26597,26626,26444,26479,26546,26573,26518,26501,26564,26558,26714,26742,26743,26738,26527,26559,26592,26581,26634,26598,26633,26720,26802,26892,26867,26919,26962,27053,27147,27223,27225,27238,27285,27309,27416,27540,27482,27580,27727,27790,27752,27857,27924,27927,27989,27918,28154,28312,28363,28493,28344,28342,28283,28210,28201,28095,28102,28072,28083,28060,28055,28107,28176,28102,28107,28139,28130,27856,27911,27929,27950,27906,27875,27960,27891,28197,28420,28507,28649,28741,28874,29107,29320,29453,29395,29598,29781,30082,30358,30621,30857,30985,31132,31206,31178,31193,31091,31190,31051,31150,31197,31104,31133
Nou Barris,Districte,168997,169080,167047,165095,164316,166261,166587,166588,166009,166237,165588,168046,169816,168080,167621,167334,165809,164514,164637,164971,165206,164512,164712,165042,165408,164920,164914,165356,165536,166120,166685,166805,166907,165685,166360,166764,166734,167059,166828,167098,167540,167819,168505,168327,168733,168881,169217,169576,169858,170194,170495,170850,170813,171346,171978,171290,171843,172676,172839,173110,173537,173948,173383,173840,172968,173831,173909,174012,174739,173757,173830,173471,173296,173298,173083,173182,173229,173426,173501,173552,173531,173548,173030,172073,172131,172258,170741,170958,171321,171272,171113,170736,171277,170206,171219,171921,172141,172520,172433,172898,173642,174180,174939,174215,175343,175422,176315,177122,178089,178860,179453,179467,180038,179825,180538,179590,180183,179549,180282,180914,180683,181011
Vilapicina i la Torre Llobeta,Barri,24865,24930,24961,24834,24996,25675,25867,25758,25715,25724,25559,25756,25924,25635,25420,25519,25548,25332,25444,25522,25537,25391,25408,25476,25480,25411,25421,25428,25423,25507,25595,25618,25605,25402,25526,25554,25527,25547,25513,25558,25625,25628,25721,25675,25736,25709,25746,25731,25747,25731,25761,25826,25824,25891,25982,25895,25937,25984,25999,26046,26039,26106,26026,26054,25885,26055,26085,26083,26118,25929,25922,25859,25805,25815,25771,25817,25840,25854,25864,25875,25856,25884,25881,25714,25730,25740,25487,25485,25585,25638,25676,25667,25759,25578,25665,25733,25728,25812,25758,25843,25923,25997,26062,25919,26061,26038,26135,26176,26229,26255,26331,26297,26342,26381,26425,26293,26390,26315,26383,26429,26372,26425
Porta,Barri,24160,24141,24008,23772,23798,24073,23802,23555,23308,23315,23508,24390,25334,25169,25088,24815,24354,24336,24299,24567,24652,24599,24661,24706,24765,24694,24733,24827,24853,24921,25012,25046,25051,24900,24979,25049,25106,25151,25172,25243,25365,25428,25556,25568,25632,25644,25793,25896,25988,26144,26208,26255,26302,26452,26616,26557,26726,26952,27037,27152,27286,27362,27350,27454,27470,27683,27741,27813,28003,27934,27958,27887,27846,27840,27782,27751,27708,27714,27734,27796,27828,27878,27718,27606,27636,27695,27438,27470,27552,27554,27425,27397,27478,27372,27664,28017,28150,28273,28318,28439,28735,28863,28994,28978,29310,29552,29910,30253,30659,31073,31345,31558,31650,31495,31524,31329,31343,31173,31325,31373,31243,31216
el Turó de la Peira,Barri,14838,14740,14583,14470,14488,14667,14797,15023,15213,15167,15047,15186,15341,15339,15425,15569,15432,15350,15328,15334,15331,15273,15305,15336,15384,15316,15286,15309,15329,15370,15442,15466,15501,15354,15431,15483,15428,15464,15397,15425,15487,15521,15596,15575,15605,15615,15670,15733,15741,15738,15774,15811,15753,15805,15867,15783,15940,16089,16112,16151,16195,16256,16170,16200,16096,16195,16206,16229,16307,16191,16195,16169,16147,16141,16126,16116,16123,16158,16148,16186,16206,16219,16176,16041,16057,16096,15946,15997,16015,16073,16055,16025,16038,15881,15997,16053,16060,16112,16130,16177,16224,16301,16363,16295,16403,16430,16473,16568,16672,16721,16751,16717,16853,16833,16949,16820,16889,16853,16919,17004,17070,17098
Can Peguera,Barri,2274,2331,2286,2244,2185,2150,2125,2105,2120,2128,2138,2145,2161,2215,2240,2238,2229,2261,2275,2255,2257,2265,2262,2271,2281,2267,2259,2266,2275,2274,2278,2273,2279,2266,2289,2287,2285,2276,2282,2284,2274,2273,2287,2270,2278,2278,2270,2266,2269,2276,2284,2288,2285,2289,2281,2289,2291,2294,2281,2282,2275,2281,2261,2257,2259,2279,2278,2274,2275,2247,2249,2247,2250,2241,2239,2235,2231,2226,2222,2215,2207,2210,2206,2188,2197,2190,2192,2191,2191,2195,2197,2187,2178,2165,2168,2175,2179,2183,2192,2186,2175,2162,2175,2170,2176,2161,2161,2166,2176,2187,2189,2182,2179,2192,2189,2180,2178,2172,2179,2186,2186,2180
la Guineueta,Barri,17155,17030,16796,16497,16266,16052,15970,16079,15863,15695,15526,15428,15362,15299,15263,15182,15126,15057,15097,15050,15065,15081,15076,15094,15104,15098,15078,15122,15177,15208,15227,15247,15245,15198,15241,15259,15241,15268,15248,15256,15301,15285,15290,15293,15312,15318,15345,15377,15374,15376,15364,15338,15378,15387,15435,15398,15383,15480,15478,15469,15460,15483,15437,15500,15416,15431,15408,15420,15446,15432,15404,15354,15343,15306,15264,15268,15256,15304,15300,15267,15271,15236,15224,15193,15180,15176,15076,15092,15108,15090,15114,15056,15073,14995,15034,15073,15088,15092,15105,15127,15193,15237,15310,15265,15311,15304,15336,15365,15372,15410,15418,15385,15415,15412,15436,15373,15407,15384,15456,15505,15514,15522
Canyelles,Barri,8744,8687,8503,8385,8159,8185,8052,7874,7722,7594,7511,7471,7440,7305,7239,7193,7108,6980,6952,6925,6923,6905,6908,6899,6897,6868,6860,6862,6872,6860,6869,6863,6878,6850,6851,6852,6850,6860,6848,6841,6849,6867,6886,6885,6883,6886,6898,6924,6923,6907,6893,6887,6899,6908,6904,6884,6885,6887,6877,6859,6879,6887,6875,6868,6863,6882,6878,6869,6893,6848,6829,6809,6801,6797,6791,6793,6809,6802,6813,6813,6808,6813,6812,6803,6812,6805,6773,6772,6779,6785,6781,6787,6788,6794,6805,6804,6820,6822,6803,6808,6806,6801,6804,6786,6809,6781,6768,6782,6795,6822,6846,6835,6839,6833,6843,6797,6817,6815,6829,6839,6832,6827
les Roquetes,Barri,15636,15676,15382,15144,15067,15475,15596,15809,15709,15831,15657,15942,16182,15992,15987,16028,15774,15565,15400,15410,15413,15328,15338,15419,15440,15398,15412,15520,15530,15609,15625,15631,15614,15511,15573,15611,15634,15709,15626,15669,15682,15719,15791,15764,15829,15845,15883,15955,16002,16056,16106,16191,16158,16246,16283,16229,16282,16327,16330,16368,16429,16487,16415,16457,16386,16436,16388,16394,16455,16369,16397,16374,16361,16367,16382,16392,16460,16466,16518,16563,16536,16578,16490,16386,16368,16348,16195,16240,16257,16221,16188,16156,16257,16136,16215,16234,16260,16290,16249,16291,16393,16500,16597,16523,16648,16627,16739,16769,16848,16867,16873,16845,16915,16926,17045,16941,17008,16863,16943,17059,17064,17131
Verdun,Barri,12919,12836,12649,12419,12288,12434,12391,12319,12188,12171,12100,12407,12397,12315,12304,12449,12337,12120,12226,12261,12308,12205,12217,12221,12249,12206,12208,12250,12286,12357,12390,12368,12374,12291,12347,12367,12346,12367,12365,12356,12375,12397,12466,12445,12477,12484,12494,12503,12515,12531,12553,12555,12536,12568,12639,12578,12622,12698,12673,12723,12769,12794,12750,12805,12690,12784,12786,12798,12895,12842,12842,12833,12818,12827,12821,12864,12829,12879,12905,12865,12874,12854,12812,12679,12675,12675,12582,12596,12627,12630,12607,12558,12603,12558,12627,12643,12627,12663,12649,12704,12744,12749,12835,12774,12865,12902,12945,13010,13101,13129,13150,13159,13186,13182,13273,13194,13226,13133,13196,13239,13257,13328
la Prosperitat,Barri,27899,27899,27276,26870,26775,27168,27192,26902,26727,26770,26492,26634,26819,26574,26555,26463,26308,26084,25974,26184,26190,26086,26142,26217,26282,26178,26178,26223,26188,26285,26410,26415,26428,26221,26279,26360,26358,26398,26387,26431,26473,26539,26642,26572,26632,26653,26624,26656,26692,26737,26741,26826,26838,26888,26975,26855,26877,26926,26998,27037,27108,27144,27024,27076,26922,26993,27021,27026,27103,26909,26964,26897,26892,26899,26895,26910,26922,26928,26893,26868,26803,26746,26629,26527,26537,26574,26393,26423,26481,26413,26417,26346,26460,26289,26493,26549,26545,26589,26599,26613,26681,26755,26829,26664,26773,26764,26912,27036,27125,27180,27269,27253,27332,27286,27412,27291,27387,27339,27478,27586,27521,27601
la Trinitat Nova,Barri,7594,7785,7663,7680,7654,7761,7795,7904,7970,7958,8039,8080,8133,7877,7699,7624,7555,7390,7335,7259,7275,7216,7207,7185,7185,7155,7153,7200,7202,7252,7277,7271,7289,7208,7260,7279,7292,7319,7293,7319,7316,7313,7355,7365,7392,7394,7417,7429,7450,7480,7536,7561,7589,7628,7674,7620,7638,7682,7653,7643,7654,7675,7654,7693,7648,7676,7662,7669,7714,7682,7669,7656,7655,7661,7670,7655,7662,7668,7643,7628,7634,7633,7598,7526,7520,7536,7457,7443,7471,7445,7445,7421,7438,7414,7436,7488,7508,7480,7471,7498,7516,7539,7633,7624,7673,7582,7596,7612,7653,7688,7726,7716,7733,7727,7759,7726,7799,7796,7808,7879,7814,7850
Torre Baró,Barri,2368,2396,2326,2252,2189,2177,2213,2211,2214,2159,2104,2151,2165,2164,2172,2169,2196,2555,2734,2795,2789,2791,2800,2802,2814,2813,2812,2820,2831,2827,2853,2859,2872,2860,2874,2879,2869,2852,2858,2863,2859,2886,2889,2893,2897,2925,2908,2915,2925,2926,2925,2937,2924,2940,2942,2931,2944,2959,2954,2943,2941,2940,2923,2930,2888,2903,2926,2925,2946,2918,2911,2907,2902,2905,2900,2915,2913,2908,2921,2923,2927,2925,2937,2925,2933,2934,2909,2909,2901,2905,2906,2908,2918,2871,2884,2901,2912,2916,2915,2932,2929,2927,2938,2939,2958,2958,2955,2970,2989,3041,3043,3026,3031,3036,3110,3119,3133,3136,3148,3179,3188,3201
Ciutat Meridiana,Barri,9824,9838,9803,9712,9624,9613,9890,10116,10283,10498,10652,11139,11231,10860,10886,10745,10494,10174,10239,10055,10097,10002,10024,10056,10164,10167,10165,10163,10199,10280,10331,10369,10390,10258,10339,10409,10417,10467,10447,10467,10537,10567,10624,10622,10654,10732,10767,10796,10845,10904,10952,10980,10929,10943,10974,10864,10923,10997,11037,11033,11091,11128,11092,11141,11033,11105,11111,11091,11157,11024,11053,11048,11052,11064,11014,11038,11053,11103,11127,11152,11173,11147,11126,11079,11082,11074,10903,10934,10944,10915,10874,10808,10877,10760,10835,10858,10857,10866,10827,10866,10908,10933,10979,10857,10927,10901,10953,10985,11036,11049,11075,11054,11122,11078,11132,11090,11169,11137,11177,11200,11183,11195
Vallbona,Barri,721,791,811,816,827,831,897,933,977,1227,1255,1317,1327,1336,1343,1340,1348,1310,1334,1354,1369,1370,1364,1360,1363,1349,1349,1366,1371,1370,1376,1379,1381,1366,1371,1375,1381,1381,1392,1386,1397,1396,1402,1400,1406,1398,1402,1395,1387,1388,1398,1395,1398,1401,1406,1407,1395,1401,1410,1404,1411,1405,1406,1405,1412,1409,1419,1421,1427,1432,1437,1431,1424,1435,1428,1428,1423,1416,1413,1401,1408,1425,1421,1406,1404,1415,1390,1406,1410,1408,1428,1420,1410,1393,1396,1393,1407,1422,1417,1414,1415,1416,1420,1421,1429,1422,1432,1430,1434,1438,1437,1440,1441,1444,1441,1437,1437,1433,1441,1436,1439,1437
Sant Andreu (District),-,134556,135431,135237,134814,135558,138869,140889,141974,143217,144157,143429,145713,147404,146988,147353,147397,146949,145998,146512,146800,146934,146474,146669,147023,147221,146904,146840,147073,147142,147503,147735,147789,147846,147147,147560,147833,147732,148039,147787,147878,148214,148282,148804,148653,148693,148667,148992,149232,149520,149639,149854,149999,149986,150385,150917,150353,150799,151438,151643,151850,152290,152489,151868,151973,151252,151909,152040,152063,152536,152056,152154,151918,151768,151687,151449,151389,151497,151571,151648,151537,151474,151493,151137,150431,150425,150540,149627,149803,150136,150267,150115,149826,150170,149079,149766,150303,150408,150696,150577,150960,151564,151964,152532,151799,152456,152291,153128,153779,154448,154773,155193,155185,155582,155472,156198,155470,155890,155560,156127,156423,156110,156289
la Trinitat Vella,Barri,7803,7902,7979,8024,8123,8493,8892,9015,9297,9770,9812,10274,10447,10275,10403,10397,10434,10247,10068,10048,10064,9971,10007,10027,10047,9964,9952,9968,9926,9977,10021,10006,10010,9867,9930,9978,9975,10023,9992,10003,10066,10064,10079,10071,10092,10130,10176,10216,10258,10264,10314,10346,10326,10358,10410,10337,10438,10512,10525,10541,10584,10608,10518,10505,10426,10466,10448,10487,10561,10437,10438,10430,10441,10445,10402,10416,10430,10466,10503,10513,10528,10525,10462,10387,10396,10373,10261,10297,10333,10351,10397,10358,10358,10207,10273,10290,10250,10217,10205,10261,10312,10352,10416,10286,10357,10385,10442,10523,10568,10592,10656,10650,10681,10631,10738,10661,10736,10671,10790,10847,10806,10833
Baró de Viver,Barri,2296,2355,2355,2368,2373,2393,2382,2365,2382,2421,2417,2458,2452,2392,2411,2411,2416,2479,2482,2511,2514,2518,2510,2515,2520,2528,2520,2522,2521,2525,2537,2539,2541,2524,2533,2540,2560,2557,2558,2554,2560,2548,2550,2535,2540,2548,2576,2575,2590,2608,2612,2613,2605,2610,2629,2604,2614,2629,2648,2668,2661,2671,2672,2674,2651,2648,2633,2625,2633,2610,2617,2614,2615,2621,2624,2635,2647,2652,2660,2653,2646,2659,2630,2617,2607,2607,2583,2584,2597,2596,2601,2603,2599,2598,2596,2600,2599,2587,2591,2587,2583,2586,2605,2582,2579,2566,2571,2575,2593,2597,2601,2607,2601,2608,2630,2612,2631,2633,2647,2661,2653,2663
el Bon Pastor,Barri,10060,10130,10025,9847,9893,10032,10595,11389,11732,12041,12172,13089,13829,13809,13621,13198,12813,12676,12560,12594,12626,12540,12521,12542,12554,12521,12506,12547,12560,12574,12586,12582,12583,12499,12547,12592,12571,12630,12635,12674,12698,12705,12764,12740,12736,12765,12815,12852,12894,12928,12978,12995,13005,13076,13161,13126,13221,13317,13358,13435,13495,13563,13550,13579,13523,13590,13654,13652,13774,13750,13779,13761,13729,13701,13746,13713,13676,13679,13701,13730,13739,13756,13712,13683,13623,13644,13577,13588,13615,13660,13578,13553,13611,13521,13670,13811,13808,13888,13945,14013,14164,14295,14411,14434,14579,14693,14948,15158,15379,15610,15783,15857,15896,15834,15883,15798,15791,15762,15800,15794,15719,15763
Sant Andreu (Neighborhood),-,51695,52069,52049,52014,52319,53811,54421,54917,55414,55524,55451,55589,55892,55838,56075,56282,56500,56263,56491,56695,56732,56631,56732,56855,56916,56859,56865,56935,56966,57092,57170,57223,57309,57168,57302,57372,57336,57441,57372,57373,57437,57469,57698,57662,57633,57598,57659,57717,57833,57871,57928,57948,57901,57968,58111,57961,58065,58244,58306,58361,58486,58555,58323,58398,58238,58465,58517,58508,58629,58558,58546,58459,58397,58347,58268,58253,58233,58250,58266,58225,58210,58173,58106,57873,57916,57994,57683,57701,57776,57817,57771,57605,57712,57430,57572,57706,57708,57822,57764,57875,58032,58074,58165,57902,58101,57995,58164,58281,58419,58468,58566,58497,58639,58659,58889,58651,58770,58671,58792,58905,58780,58803
la Sagrera,Barri,28005,27985,27850,27793,27948,28479,28840,28796,28832,28829,28347,28707,28943,28882,29120,29100,28924,28671,28899,28804,28843,28770,28805,28884,28932,28901,28870,28945,28981,29021,29065,29127,29157,29022,29109,29152,29164,29231,29159,29195,29246,29249,29303,29290,29327,29273,29293,29376,29411,29410,29410,29421,29440,29519,29614,29489,29609,29689,29690,29715,29800,29776,29669,29690,29512,29645,29620,29608,29689,29620,29668,29611,29586,29549,29487,29485,29598,29591,29594,29568,29582,29620,29587,29449,29397,29389,29211,29258,29367,29443,29425,29441,29527,29306,29496,29605,29684,29742,29673,29749,29876,29944,30082,29908,29973,29863,30042,30143,30245,30267,30280,30275,30405,30382,30517,30392,30483,30434,30578,30621,30582,30586
el Congrés i els Indians,Barri,13718,13744,13572,13482,13381,13514,13670,13707,13833,13905,13850,13995,14061,13953,13998,14108,14028,13923,14046,14051,14062,14038,14094,14145,14160,14123,14105,14109,14095,14145,14150,14141,14104,14014,14050,14063,14049,14067,14053,14052,14118,14145,14218,14196,14194,14201,14273,14270,14294,14333,14344,14400,14439,14539,14613,14557,14583,14662,14683,14695,14757,14802,14728,14722,14644,14717,14724,14726,14787,14723,14737,14706,14687,14683,14639,14632,14632,14596,14587,14549,14512,14520,14444,14352,14409,14425,14329,14355,14411,14392,14368,14319,14373,14245,14273,14333,14396,14443,14445,14478,14512,14588,14673,14623,14681,14691,14781,14853,14896,14915,14940,14943,14989,14967,15068,14945,15001,14963,15042,15094,15074,15081
Navas,Barri,20979,21246,21407,21286,21521,22147,22089,21785,21727,21667,21380,21601,21780,21839,21725,21901,21834,21739,21966,22097,22093,22006,22000,22055,22092,22008,22022,22047,22093,22169,22206,22171,22142,22053,22089,22136,22077,22090,22018,22027,22089,22102,22192,22159,22171,22152,22200,22226,22240,22225,22268,22276,22270,22315,22379,22279,22269,22385,22433,22435,22507,22514,22408,22405,22258,22378,22444,22457,22463,22358,22369,22337,22313,22341,22283,22255,22281,22337,22337,22299,22257,22240,22196,22070,22077,22108,21983,22020,22037,22008,21975,21947,21990,21772,21886,21958,21963,21997,21954,21997,22085,22125,22180,22064,22186,22098,22180,22246,22348,22324,22367,22356,22371,22391,22473,22411,22478,22426,22478,22501,22496,22560
Sant Martí,Districte,203712,205836,205774,205152,206642,213187,217720,218847,221492,223449,223003,226389,229894,230220,231078,232738,233035,232665,233660,234170,234607,233510,233826,234480,234856,234094,233776,234301,234411,235224,235898,236039,236202,234288,235087,235629,235322,235715,235165,235287,235884,236332,237244,236999,237316,237458,238066,238672,239080,238997,239352,239758,239550,240317,241179,239965,240862,241720,242028,242032,242731,243034,241836,242006,240489,241562,241572,241578,242518,240640,240974,240629,240426,240295,239869,239949,240113,240435,240752,241181,241411,241674,241295,240231,240418,241025,238725,239376,240145,240158,240190,239465,240215,237950,239297,240299,240097,240675,240197,240996,241823,242666,244078,242752,244284,244033,245549,246656,247556,248140,248800,248710,249556,249566,250669,249206,249786,248922,249796,250663,250037,250400
el Camp de l'Arpa del Clot,Barri,36534,36884,36804,36381,36593,38125,38542,38272,38486,38898,38586,38786,38839,38350,37951,38168,37977,37796,38168,38130,38156,37977,37958,38010,38066,37925,37861,38000,37988,38122,38243,38247,38254,37890,38016,38109,38095,38135,37989,37959,38056,38171,38347,38327,38370,38470,38592,38692,38761,38798,38875,38924,38923,39067,39199,38912,39074,39200,39267,39253,39349,39382,39175,39177,38914,39098,39169,39136,39360,39005,39037,38956,38906,38873,38772,38785,38744,38769,38767,38838,38829,38831,38746,38507,38432,38497,38068,38170,38330,38319,38318,38207,38294,37908,38028,38129,38065,38139,38022,38158,38240,38389,38570,38343,38597,38495,38676,38858,38976,39024,39080,38971,39067,39071,39282,39060,39170,39034,39146,39401,39338,39405
el Clot,Barri,22972,23270,23662,24199,24867,26150,26627,26599,26841,26869,26748,27076,27544,27497,27362,27315,27179,27035,26932,26928,26996,26898,26905,26949,26980,26887,26834,26881,26907,26983,27041,27089,27111,26891,26990,27003,26973,26961,26923,26965,27022,27042,27123,27050,27074,27022,27082,27120,27146,27151,27171,27178,27164,27208,27327,27183,27239,27347,27352,27276,27332,27301,27188,27170,26984,27058,27096,27082,27152,27005,27033,26996,26999,26989,26927,26876,26811,26754,26745,26759,26703,26733,26725,26557,26522,26534,26278,26358,26411,26400,26434,26380,26425,26232,26376,26444,26394,26431,26360,26433,26473,26513,26617,26470,26572,26529,26600,26652,26739,26789,26814,26748,26799,26790,26899,26767,26818,26782,26899,26979,26889,26904
el Parc i la Llacuna del Poblenou,Barri,12334,12394,12396,12420,12462,12771,13159,13219,13194,13341,13190,13123,13400,13471,13733,14038,14356,14617,14713,14859,14905,14814,14887,14987,15018,15000,14990,15030,15076,15164,15199,15202,15207,15004,15088,15137,15100,15104,15080,15110,15185,15217,15381,15425,15429,15469,15563,15618,15642,15539,15550,15553,15587,15679,15762,15713,15834,15905,15962,15950,15999,16043,15933,15959,15865,15991,15947,15943,15986,15793,15794,15766,15749,15734,15695,15722,15773,15800,15869,15914,15980,15983,15940,15845,15889,15904,15670,15721,15857,15922,16005,15961,16072,15957,16066,16182,16211,16229,16201,16255,16345,16453,16555,16413,16522,16407,16510,16639,16702,16714,16738,16732,16913,17016,17162,17039,17045,16917,16996,17124,17114,17164
la Vila Olímpica del Poblenou,Barri,6002,6422,6721,7051,7289,7657,7842,8022,8492,8657,8701,8961,9117,9248,9240,9236,9320,9367,9331,9346,9360,9282,9286,9313,9343,9313,9320,9315,9321,9362,9390,9404,9400,9304,9337,9356,9330,9333,9310,9285,9289,9288,9309,9312,9334,9353,9345,9345,9355,9364,9379,9387,9380,9394,9403,9348,9389,9428,9422,9393,9437,9440,9388,9383,9318,9357,9366,9385,9405,9358,9369,9367,9363,9356,9308,9324,9337,9389,9402,9395,9395,9413,9421,9410,9417,9440,9349,9370,9389,9384,9409,9376,9406,9311,9356,9355,9313,9327,9307,9337,9362,9386,9408,9338,9347,9294,9310,9333,9354,9354,9369,9370,9407,9375,9419,9366,9387,9330,9345,9354,9373,9351
el Poblenou,Barri,23833,24137,24234,24197,24652,25988,27444,28092,29025,29580,29852,30555,31127,31384,32065,32513,32881,33019,33437,33623,33697,33567,33613,33723,33832,33696,33646,33714,33726,33856,33910,33933,33987,33669,33810,33877,33772,33858,33758,33763,33865,33948,34070,33986,34053,34070,34127,34201,34244,34212,34249,34290,34180,34251,34350,34170,34286,34440,34499,34512,34609,34679,34497,34533,34263,34410,34413,34436,34610,34288,34337,34285,34272,34248,34197,34211,34281,34351,34368,34411,34423,34474,34442,34233,34241,34361,34042,34161,34260,34228,34263,34103,34175,33751,33958,34104,34008,34102,34004,34065,34156,34273,34452,34151,34333,34239,34469,34575,34666,34721,34765,34731,34773,34747,34845,34563,34600,34483,34607,34710,34630,34670
Diagonal Mar i el Front Marítim del Poblenou,Barri,4149,4163,4117,4267,4963,6185,7243,8131,8865,9284,9639,9964,10691,11264,12003,12515,12928,13168,13374,13416,13467,13388,13422,13472,13474,13471,13458,13507,13534,13581,13672,13670,13647,13546,13584,13632,13612,13615,13524,13532,13540,13567,13645,13644,13607,13624,13663,13703,13703,13668,13671,13706,13670,13728,13749,13625,13670,13683,13694,13694,13744,13740,13635,13644,13517,13591,13570,13526,13554,13418,13444,13454,13424,13426,13397,13397,13432,13466,13528,13536,13550,13590,13547,13511,13544,13542,13399,13462,13485,13498,13470,13391,13461,13304,13399,13451,13450,13439,13377,13408,13457,13482,13531,13453,13518,13459,13478,13538,13572,13567,13569,13545,13585,13550,13610,13494,13519,13465,13513,13553,13528,13596
el Besòs i el Maresme,Barri,21540,21618,21447,21207,21036,21264,21623,21805,22067,22403,22033,23319,24018,23798,23976,23720,23143,22840,22844,22783,22865,22626,22694,22774,22832,22688,22691,22773,22771,22906,23040,23063,23117,22924,23057,23180,23205,23318,23270,23334,23481,23555,23686,23721,23846,23874,23998,24131,24274,24321,24451,24598,24647,24791,24969,24847,25050,25237,25324,25406,25527,25674,25497,25599,25432,25630,25611,25705,25895,25582,25679,25656,25638,25655,25661,25753,25812,25873,25985,26116,26252,26352,26267,26257,26382,26550,26247,26361,26470,26461,26406,26349,26525,26190,26526,26917,26930,27105,27081,27242,27538,27730,28065,27892,28321,28583,29060,29393,29719,30000,30373,30499,30668,30562,30690,30485,30573,30429,30568,30630,30372,30438
Provençals del Poblenou,Barri,16868,17207,17117,17106,17130,17466,17685,17700,17983,18190,18613,18859,19304,19594,19551,19877,20068,20098,20163,20381,20392,20307,20323,20373,20380,20326,20266,20321,20354,20413,20487,20519,20544,20399,20468,20515,20469,20541,20537,20572,20636,20634,20681,20628,20694,20719,20804,20898,20959,20943,20957,21006,20947,21061,21124,21116,21196,21233,21231,21253,21308,21352,21295,21300,21207,21317,21330,21319,21363,21218,21218,21191,21176,21182,21151,21129,21123,21115,21140,21185,21254,21282,21254,21181,21186,21275,21084,21089,21170,21146,21133,21092,21125,20872,20954,21015,21042,21081,21042,21118,21176,21250,21364,21273,21336,21294,21405,21415,21417,21396,21420,21407,21463,21455,21581,21512,21559,21473,21515,21568,21563,21583
Sant Martí de Provençals,Barri,27358,27643,27576,27183,26974,26970,26930,26769,26584,26436,26121,26174,26287,26154,26154,26126,26001,25917,25971,26031,26068,26020,26034,26102,26109,26087,26086,26109,26098,26139,26191,26187,26220,26062,26081,26095,26070,26069,26043,26035,26044,26096,26143,26092,26125,26081,26092,26135,26177,26137,26131,26178,26152,26210,26281,26168,26173,26218,26274,26277,26350,26349,26262,26261,26131,26179,26158,26168,26256,26142,26159,26114,26093,26073,26061,26061,26059,26154,26189,26229,26263,26246,26222,26088,26132,26137,25958,25950,25968,25941,25917,25852,25893,25734,25847,25846,25859,25946,25953,26021,26106,26164,26272,26169,26242,26183,26316,26384,26428,26502,26521,26549,26619,26663,26698,26575,26658,26602,26679,26757,26667,26693
la Verneda i la Pau,Barri,32122,32098,31700,31141,30676,30611,30625,30238,29955,29791,29520,29572,29567,29460,29043,29230,29182,28808,28727,28673,28701,28631,28704,28777,28822,28701,28624,28651,28636,28698,28725,28725,28715,28599,28656,28725,28696,28781,28731,28732,28766,28814,28859,28814,28784,28776,28800,28829,28819,28864,28918,28938,28900,28928,29015,28883,28951,29029,29003,29018,29076,29074,28966,28980,28858,28931,28912,28878,28937,28831,28904,28844,28806,28759,28700,28691,28741,28764,28759,28798,28762,28770,28731,28642,28673,28785,28630,28734,28805,28859,28835,28754,28839,28691,28787,28856,28825,28876,28850,28959,28970,29026,29244,29250,29496,29550,29725,29869,29983,30073,30151,30158,30262,30337,30483,30345,30457,30407,30528,30587,30563,30596